id,feedback
1,"I absolutely love this product! It is amazing and very useful."
2,"The service was excellent and I am very happy."
3,"This is the best experience I have ever had."
4,"Amazing work! Keep it up."
5,"I really enjoyed using this application."
6,"The product quality is excellent."
7,"Very useful and easy to use."
8,"I am extremely satisfied with the service."
9,"Fantastic experience! I will definitely recommend it."
10,"The support team was very helpful and friendly."
11,"I hate this product. It is terrible."
12,"Very bad service and poor quality."
13,"I am disappointed with this experience."
14,"The application is okay and works normally."
15,"Nothing special, it is an average product."
16,"Excellent service and wonderful experience."
17,"I am happy with my purchase."
18,"The product is fantastic and works perfectly."
19,"Really good quality and great customer service."
20,"I would definitely recommend this to my friends."
21,"Worst experience ever. I will never use it again."
22,"The service was horrible and disappointing."
23,"I am very satisfied with the results."
24,"Great product and fast delivery."
25,"The experience was wonderful and enjoyable."
26,"The application is useful and simple."
27,"I am not happy with this service."
28,"Absolutely fantastic! Everything worked perfectly."
29,"Good service and friendly staff."
30,"I really appreciate the excellent support."